GroupID,Item,Rating,App,Data,Ease,Class,Semester,Lockdown
100,3,3,3,3,2,DB,Spring,PRE
100,5,3,3,3,2,DB,Spring,PRE
100,8,2,2,3,2,DB,Spring,PRE
100,9,2,2,3,2,DB,Spring,PRE
100,14,3,3,3,2,DB,Spring,PRE
100,15,2,2,2,2,DB,Spring,PRE
100,16,3,2,2,2,DB,Spring,PRE
100,19,2,2,2,2,DB,Spring,PRE
101,1,3,3,2,2,DB,Spring,PRE
101,2,3,3,3,2,DB,Spring,PRE
101,5,2,3,2,2,DB,Spring,PRE
101,9,2,3,2,2,DB,Spring,PRE
101,17,3,3,3,3,DB,Spring,PRE
101,6,2,2,2,3,DB,Spring,PRE
101,11,2,2,2,3,DB,Spring,PRE
101,12,2,1,2,2,DB,Spring,PRE
102,9,3,2,3,2,DB,Spring,PRE
102,14,2,2,2,2,DB,Spring,PRE
102,16,3,3,2,1,DB,Spring,PRE
102,17,2,2,2,1,DB,Spring,PRE
102,19,3,2,2,1,DB,Spring,PRE
102,3,2,2,2,2,DB,Spring,PRE
102,6,1,2,2,3,DB,Spring,PRE
102,7,1,2,2,3,DB,Spring,PRE
103,28,2,2,3,3,DM,Spring,PRE
103,31,3,3,2,2,DM,Spring,PRE
103,32,3,1,2,1,DM,Spring,PRE
103,40,3,2,3,2,DM,Spring,PRE
103,49,2,1,2,2,DM,Spring,PRE
103,56,2,3,2,1,DM,Spring,PRE
103,60,2,3,1,3,DM,Spring,PRE
103,67,1,2,2,3,DM,Spring,PRE
103,27,3,2,3,3,DM,Spring,PRE
103,33,2,2,2,1,DM,Spring,PRE
103,51,2,3,3,2,DM,Spring,PRE
103,68,3,1,2,2,DM,Spring,PRE
103,69,1,1,1,3,DM,Spring,PRE
104,21,2,2,2,2,DM,Spring,PRE
104,30,1,3,3,2,DM,Spring,PRE
104,31,2,2,3,2,DM,Spring,PRE
104,41,3,3,2,2,DM,Spring,PRE
104,64,2,2,3,2,DM,Spring,PRE
104,23,2,2,1,1,DM,Spring,PRE
104,28,1,1,2,2,DM,Spring,PRE
104,49,2,2,1,1,DM,Spring,PRE
105,25,2,2,2,1,DM,Spring,PRE
105,30,3,3,2,2,DM,Spring,PRE
105,32,2,2,3,2,DM,Spring,PRE
105,40,3,3,1,2,DM,Spring,PRE
105,69,2,2,2,2,DM,Spring,PRE
105,29,2,2,2,1,DM,Spring,PRE
105,39,2,2,1,2,DM,Spring,PRE
105,41,1,1,2,1,DM,Spring,PRE
106,21,2,3,1,1,DA,Spring,PRE
106,32,3,3,3,2,DA,Spring,PRE
106,38,3,3,2,1,DA,Spring,PRE
106,46,3,3,3,1,DA,Spring,PRE
106,47,2,3,2,1,DA,Spring,PRE
106,24,3,3,3,1,DA,Spring,PRE
106,26,3,2,3,1,DA,Spring,PRE
106,29,3,3,3,1,DA,Spring,PRE
107,26,3,3,3,3,DA,Spring,PRE
107,32,3,3,2,3,DA,Spring,PRE
107,33,3,3,2,2,DA,Spring,PRE
107,40,3,3,2,2,DA,Spring,PRE
107,41,3,3,3,2,DA,Spring,PRE
107,65,3,3,3,3,DA,Spring,PRE
107,22,3,3,2,2,DA,Spring,PRE
107,56,3,2,2,2,DA,Spring,PRE
107,59,3,2,2,2,DA,Spring,PRE
108,25,2,2,2,2,DA,Spring,PRE
108,48,1,2,2,2,DA,Spring,PRE
108,49,2,2,2,3,DA,Spring,PRE
108,27,2,2,2,2,DA,Spring,PRE
108,28,2,1,2,2,DA,Spring,PRE
108,35,1,1,3,1,DA,Spring,PRE
108,42,3,2,1,2,DA,Spring,PRE
108,46,2,2,2,2,DA,Spring,PRE
108,26,3,3,3,3,DA,Spring,PRE
108,30,2,2,2,3,DA,Spring,PRE
108,32,3,3,3,2,DA,Spring,PRE
108,39,3,3,3,2,DA,Spring,PRE
108,66,3,3,3,2,DA,Spring,PRE
108,51,1,1,2,1,DA,Spring,PRE
108,52,1,1,2,1,DA,Spring,PRE
108,56,3,3,3,3,DA,Spring,PRE
109,25,2,2,2,2,DA,Spring,PRE
109,26,3,3,2,3,DA,Spring,PRE
109,34,1,1,1,2,DA,Spring,PRE
109,40,2,1,2,2,DA,Spring,PRE
109,59,2,2,2,2,DA,Spring,PRE
109,28,2,2,2,2,DA,Spring,PRE
109,48,2,2,2,2,DA,Spring,PRE
109,51,2,3,3,2,DA,Spring,PRE
110,21,3,3,3,3,DA,Spring,PRE
110,23,3,3,3,3,DA,Spring,PRE
110,26,3,3,3,3,DA,Spring,PRE
110,29,3,3,3,3,DA,Spring,PRE
110,32,3,3,3,3,DA,Spring,PRE
110,35,3,3,3,3,DA,Spring,PRE
110,36,3,3,3,3,DA,Spring,PRE
110,38,3,3,3,3,DA,Spring,PRE
110,41,3,3,3,3,DA,Spring,PRE
110,42,3,3,3,3,DA,Spring,PRE
110,49,3,3,3,3,DA,Spring,PRE
110,57,3,3,3,3,DA,Spring,PRE
110,63,3,3,3,3,DA,Spring,PRE
110,66,3,3,3,3,DA,Spring,PRE
110,69,3,3,3,3,DA,Spring,PRE
110,22,3,3,2,3,DA,Spring,PRE
110,24,2,3,2,3,DA,Spring,PRE
110,25,2,2,2,2,DA,Spring,PRE
110,31,2,2,2,2,DA,Spring,PRE
110,37,2,2,2,2,DA,Spring,PRE
110,44,2,2,2,3,DA,Spring,PRE
110,68,2,2,2,2,DA,Spring,PRE
111,43,2,2,2,2,DA,Spring,PRE
111,56,3,3,2,2,DA,Spring,PRE
111,60,2,2,2,1,DA,Spring,PRE
111,61,2,2,2,1,DA,Spring,PRE
111,63,3,2,3,2,DA,Spring,PRE
111,21,3,2,2,2,DA,Spring,PRE
111,29,3,2,2,3,DA,Spring,PRE
111,33,2,1,2,2,DA,Spring,PRE
112,21,2,2,2,2,DA,Spring,PRE
112,49,3,3,3,3,DA,Spring,PRE
112,55,3,3,3,3,DA,Spring,PRE
112,60,2,2,2,2,DA,Spring,PRE
112,69,3,3,3,3,DA,Spring,PRE
112,23,2,2,2,2,DA,Spring,PRE
112,27,2,2,2,2,DA,Spring,PRE
112,30,2,2,2,2,DA,Spring,PRE
112,34,2,2,2,2,DA,Spring,PRE
112,44,2,2,2,2,DA,Spring,PRE
113,33,2,2,2,2,DA,Spring,PRE
113,49,1,1,1,1,DA,Spring,PRE
113,62,1,2,2,2,DA,Spring,PRE
113,69,2,1,1,1,DA,Spring,PRE
113,44,2,2,2,1,DA,Spring,PRE
113,52,3,2,3,2,DA,Spring,PRE
113,21,2,1,1,1,DA,Spring,PRE
113,28,2,2,2,2,DA,Spring,PRE
113,30,1,1,1,1,DA,Spring,PRE
113,37,2,1,2,1,DA,Spring,PRE
113,41,1,2,1,1,DA,Spring,PRE
113,25,2,2,2,2,DA,Spring,PRE
113,36,2,3,1,2,DA,Spring,PRE
113,43,3,2,2,2,DA,Spring,PRE
114,1,3,3,3,3,DB,Fall,PRE
114,2,3,3,3,3,DB,Fall,PRE
114,3,3,3,3,3,DB,Fall,PRE
114,4,3,3,3,3,DB,Fall,PRE
114,5,3,3,3,3,DB,Fall,PRE
114,6,1,1,1,1,DB,Fall,PRE
114,7,1,1,1,1,DB,Fall,PRE
114,8,1,1,1,1,DB,Fall,PRE
114,9,1,1,1,1,DB,Fall,PRE
114,10,1,1,1,1,DB,Fall,PRE
115,9,4,4,4,4,DB,Fall,PRE
115,10,4,4,4,4,DB,Fall,PRE
115,13,4,4,4,4,DB,Fall,PRE
115,14,4,4,4,4,DB,Fall,PRE
115,20,4,4,4,4,DB,Fall,PRE
115,11,2,2,2,2,DB,Fall,PRE
115,16,2,2,2,2,DB,Fall,PRE
115,17,2,2,2,2,DB,Fall,PRE
116,1,5,5,5,4,DB,Fall,PRE
116,4,4,5,5,5,DB,Fall,PRE
116,6,4,5,4,4,DB,Fall,PRE
116,9,5,5,4,5,DB,Fall,PRE
116,10,5,4,5,4,DB,Fall,PRE
116,15,3,2,3,2,DB,Fall,PRE
116,16,2,3,2,3,DB,Fall,PRE
116,17,3,2,3,2,DB,Fall,PRE
117,1,4,4,5,4,DB,Fall,PRE
117,2,4,4,4,4,DB,Fall,PRE
117,3,5,5,5,4,DB,Fall,PRE
117,4,5,5,5,4,DB,Fall,PRE
117,12,5,5,5,4,DB,Fall,PRE
117,5,2,1,2,2,DB,Fall,PRE
117,8,2,2,3,3,DB,Fall,PRE
117,15,2,1,3,2,DB,Fall,PRE
118,1,5,4,4,4,DB,Fall,PRE
118,3,5,4,4,3,DB,Fall,PRE
118,8,4,5,3,3,DB,Fall,PRE
118,9,4,4,3,4,DB,Fall,PRE
118,10,5,4,4,3,DB,Fall,PRE
118,11,4,4,5,3,DB,Fall,PRE
118,13,5,5,3,4,DB,Fall,PRE
118,14,5,5,5,4,DB,Fall,PRE
118,17,4,3,4,4,DB,Fall,PRE
118,20,5,4,4,4,DB,Fall,PRE
118,5,3,2,3,2,DB,Fall,PRE
118,16,3,2,2,2,DB,Fall,PRE
118,19,3,2,3,1,DB,Fall,PRE
119,4,4,5,4,3,DB,Fall,PRE
119,10,3,5,4,4,DB,Fall,PRE
119,11,5,5,4,4,DB,Fall,PRE
119,12,4,5,4,3,DB,Fall,PRE
119,18,4,5,4,3,DB,Fall,PRE
119,6,2,1,2,2,DB,Fall,PRE
119,7,2,2,2,3,DB,Fall,PRE
119,14,3,2,2,3,DB,Fall,PRE
120,1,5,5,5,4,DB,Fall,PRE
120,8,4,4,4,4,DB,Fall,PRE
120,14,4,4,3,4,DB,Fall,PRE
120,15,5,5,4,4,DB,Fall,PRE
120,18,5,5,5,5,DB,Fall,PRE
120,5,2,2,2,2,DB,Fall,PRE
120,9,2,2,2,2,DB,Fall,PRE
120,10,3,3,3,3,DB,Fall,PRE
121,1,5,5,5,4,DB,Fall,PRE
121,3,5,5,5,5,DB,Fall,PRE
121,4,4,4,4,4,DB,Fall,PRE
121,6,5,5,5,5,DB,Fall,PRE
121,7,5,5,5,4,DB,Fall,PRE
121,8,5,4,5,5,DB,Fall,PRE
121,9,5,5,5,5,DB,Fall,PRE
121,10,5,5,4,3,DB,Fall,PRE
121,12,5,5,5,5,DB,Fall,PRE
121,14,5,5,4,5,DB,Fall,PRE
121,16,4,5,4,4,DB,Fall,PRE
121,17,5,5,5,4,DB,Fall,PRE
121,18,5,5,5,5,DB,Fall,PRE
121,2,2,2,2,2,DB,Fall,PRE
121,15,2,2,2,2,DB,Fall,PRE
121,20,2,2,2,2,DB,Fall,PRE
122,4,5,5,5,4,DB,Fall,PRE
122,6,5,5,5,3,DB,Fall,PRE
122,9,5,5,4,3,DB,Fall,PRE
122,16,5,5,5,3,DB,Fall,PRE
122,19,4,4,3,4,DB,Fall,PRE
122,7,3,3,3,3,DB,Fall,PRE
122,12,3,3,3,3,DB,Fall,PRE
122,18,3,3,3,3,DB,Fall,PRE
123,1,4,4,4,4,DB,Fall,PRE
123,3,4,4,4,4,DB,Fall,PRE
123,6,5,4,4,5,DB,Fall,PRE
123,11,4,4,4,4,DB,Fall,PRE
123,18,4,4,4,4,DB,Fall,PRE
123,2,1,2,2,2,DB,Fall,PRE
123,9,2,2,2,2,DB,Fall,PRE
123,16,3,3,3,1,DB,Fall,PRE
124,1,5,5,4,4,DB,Fall,PRE
124,3,4,4,4,4,DB,Fall,PRE
124,8,5,5,4,4,DB,Fall,PRE
124,10,4,4,4,4,DB,Fall,PRE
124,15,5,5,4,4,DB,Fall,PRE
124,4,2,2,2,2,DB,Fall,PRE
124,13,2,2,2,2,DB,Fall,PRE
124,18,2,2,2,2,DB,Fall,PRE
125,1,4,4,4,3,DB,Fall,PRE
125,8,5,5,5,4,DB,Fall,PRE
125,10,5,5,4,3,DB,Fall,PRE
125,11,4,4,3,4,DB,Fall,PRE
125,16,5,5,4,3,DB,Fall,PRE
125,4,2,2,2,3,DB,Fall,PRE
125,9,1,1,1,3,DB,Fall,PRE
125,19,3,3,3,2,DB,Fall,PRE
126,1,4,5,5,4,DB,Fall,PRE
126,3,5,5,4,4,DB,Fall,PRE
126,6,4,3,4,4,DB,Fall,PRE
126,7,4,4,5,4,DB,Fall,PRE
126,14,5,5,5,4,DB,Fall,PRE
126,9,3,2,2,1,DB,Fall,PRE
126,10,2,3,2,2,DB,Fall,PRE
126,15,3,2,3,1,DB,Fall,PRE
127,26,4,4,5,4,DM,Fall,PRE
127,28,5,5,5,4,DM,Fall,PRE
127,40,5,4,5,4,DM,Fall,PRE
127,49,5,5,5,3,DM,Fall,PRE
127,68,4,4,4,5,DM,Fall,PRE
127,33,2,3,3,1,DM,Fall,PRE
127,34,2,2,3,2,DM,Fall,PRE
127,48,1,1,3,1,DM,Fall,PRE
127,53,2,2,3,1,DM,Fall,PRE
127,64,3,3,3,3,DM,Fall,PRE
128,21,5,5,5,5,DM,Fall,PRE
128,25,5,5,4,4,DM,Fall,PRE
128,26,5,5,5,4,DM,Fall,PRE
128,28,4,4,4,4,DM,Fall,PRE
128,29,4,4,4,4,DM,Fall,PRE
128,24,2,2,2,2,DM,Fall,PRE
128,52,2,2,2,2,DM,Fall,PRE
128,62,2,2,2,2,DM,Fall,PRE
129,23,4,4,4,4,DM,Fall,PRE
129,25,4,3,4,4,DM,Fall,PRE
129,26,5,5,5,4,DM,Fall,PRE
129,38,4,4,3,4,DM,Fall,PRE
129,42,5,5,5,4,DM,Fall,PRE
129,22,1,2,2,2,DM,Fall,PRE
129,30,2,3,1,2,DM,Fall,PRE
129,40,2,2,2,2,DM,Fall,PRE
130,25,4,4,4,4,DM,Fall,PRE
130,30,4,5,4,4,DM,Fall,PRE
130,41,5,4,4,4,DM,Fall,PRE
130,49,3,3,3,3,DM,Fall,PRE
130,60,4,4,4,4,DM,Fall,PRE
130,22,2,2,2,2,DM,Fall,PRE
130,26,3,3,2,3,DM,Fall,PRE
130,35,3,2,3,2,DM,Fall,PRE
131,21,4,4,5,4,DM,Fall,PRE
131,49,4,5,4,4,DM,Fall,PRE
131,51,5,5,5,4,DM,Fall,PRE
131,58,5,5,5,4,DM,Fall,PRE
131,69,4,4,4,4,DM,Fall,PRE
131,22,2,2,1,2,DM,Fall,PRE
131,28,1,2,1,1,DM,Fall,PRE
131,57,1,1,1,2,DM,Fall,PRE
132,21,5,5,5,5,DM,Fall,PRE
132,22,3,4,4,3,DM,Fall,PRE
132,26,5,4,5,4,DM,Fall,PRE
132,30,4,4,4,3,DM,Fall,PRE
132,31,4,5,5,4,DM,Fall,PRE
132,24,2,3,2,1,DM,Fall,PRE
132,28,3,3,2,3,DM,Fall,PRE
132,32,2,3,3,2,DM,Fall,PRE
133,26,4,5,4,5,DM,Fall,PRE
133,30,4,5,4,5,DM,Fall,PRE
133,58,4,4,4,5,DM,Fall,PRE
133,63,4,5,4,4,DM,Fall,PRE
133,69,4,5,4,4,DM,Fall,PRE
133,28,3,3,3,3,DM,Fall,PRE
133,66,3,2,3,3,DM,Fall,PRE
133,68,3,3,2,3,DM,Fall,PRE
134,21,4,4,4,4,DM,Fall,PRE
134,22,4,4,4,4,DM,Fall,PRE
134,31,4,4,4,4,DM,Fall,PRE
134,32,4,4,4,4,DM,Fall,PRE
134,39,4,4,4,4,DM,Fall,PRE
134,40,4,5,5,4,DM,Fall,PRE
134,50,4,4,5,4,DM,Fall,PRE
134,51,5,5,5,4,DM,Fall,PRE
134,64,4,4,4,4,DM,Fall,PRE
134,65,4,4,4,4,DM,Fall,PRE
134,29,2,1,1,3,DM,Fall,PRE
134,34,2,1,1,3,DM,Fall,PRE
134,38,2,2,1,3,DM,Fall,PRE
135,21,4,5,4,4,DM,Fall,PRE
135,26,4,4,4,5,DM,Fall,PRE
135,36,5,4,4,5,DM,Fall,PRE
135,38,5,4,5,4,DM,Fall,PRE
135,47,5,5,5,4,DM,Fall,PRE
135,57,5,5,5,4,DM,Fall,PRE
135,30,1,2,3,3,DM,Fall,PRE
135,37,2,2,2,2,DM,Fall,PRE
135,64,2,2,2,2,DM,Fall,PRE
135,68,1,1,2,3,DM,Fall,PRE
136,26,4,4,4,5,DA,Fall,PRE
136,31,5,4,5,3,DA,Fall,PRE
136,49,5,5,5,4,DA,Fall,PRE
136,65,3,3,3,3,DA,Fall,PRE
136,70,5,4,4,4,DA,Fall,PRE
136,29,1,2,2,1,DA,Fall,PRE
136,30,3,3,2,2,DA,Fall,PRE
136,64,2,1,3,2,DA,Fall,PRE
137,28,3,3,3,5,DA,Fall,PRE
137,32,5,5,5,4,DA,Fall,PRE
137,39,3,3,3,5,DA,Fall,PRE
137,44,4,4,4,4,DA,Fall,PRE
137,65,4,5,5,4,DA,Fall,PRE
137,24,3,3,3,3,DA,Fall,PRE
137,36,3,3,3,3,DA,Fall,PRE
137,53,2,2,2,2,DA,Fall,PRE
137,64,1,1,1,3,DA,Fall,PRE
137,68,1,1,1,3,DA,Fall,PRE
138,29,5,5,5,5,DA,Fall,PRE
138,33,5,5,4,4,DA,Fall,PRE
138,34,5,5,4,4,DA,Fall,PRE
138,64,5,5,4,4,DA,Fall,PRE
138,69,4,5,3,3,DA,Fall,PRE
138,30,1,3,2,2,DA,Fall,PRE
138,43,2,2,2,2,DA,Fall,PRE
138,70,2,2,2,2,DA,Fall,PRE
139,21,5,5,5,4,DA,Fall,PRE
139,23,4,3,3,3,DA,Fall,PRE
139,32,5,5,5,4,DA,Fall,PRE
139,34,3,4,3,3,DA,Fall,PRE
139,37,4,5,5,5,DA,Fall,PRE
139,66,5,3,3,3,DA,Fall,PRE
139,25,3,3,2,2,DA,Fall,PRE
139,26,1,1,1,1,DA,Fall,PRE
139,28,2,3,2,3,DA,Fall,PRE
140,21,5,4,4,4,DA,Fall,PRE
140,26,4,5,5,5,DA,Fall,PRE
140,36,5,5,4,4,DA,Fall,PRE
140,40,4,4,4,5,DA,Fall,PRE
140,56,5,4,5,5,DA,Fall,PRE
140,23,2,2,3,3,DA,Fall,PRE
140,27,3,3,2,2,DA,Fall,PRE
140,29,2,2,3,3,DA,Fall,PRE
140,34,3,3,2,2,DA,Fall,PRE
140,38,2,2,3,3,DA,Fall,PRE
141,21,5,5,5,4,DA,Fall,PRE
141,30,5,5,5,4,DA,Fall,PRE
141,49,5,5,5,4,DA,Fall,PRE
141,59,5,5,5,4,DA,Fall,PRE
141,62,5,5,5,4,DA,Fall,PRE
141,23,2,2,3,3,DA,Fall,PRE
141,39,2,2,3,2,DA,Fall,PRE
141,40,2,2,3,3,DA,Fall,PRE
141,64,2,2,3,3,DA,Fall,PRE
142,21,4,4,4,4,DA,Fall,PRE
142,27,5,5,4,4,DA,Fall,PRE
142,33,5,5,4,4,DA,Fall,PRE
142,40,4,5,3,4,DA,Fall,PRE
142,49,4,4,4,4,DA,Fall,PRE
142,29,2,2,2,2,DA,Fall,PRE
142,45,1,1,1,1,DA,Fall,PRE
142,46,2,2,2,1,DA,Fall,PRE
143,26,4,4,5,4,DA,Fall,PRE
143,33,5,4,5,5,DA,Fall,PRE
143,41,4,4,4,4,DA,Fall,PRE
143,62,5,4,5,5,DA,Fall,PRE
143,65,4,5,5,5,DA,Fall,PRE
143,25,3,3,2,2,DA,Fall,PRE
143,34,3,2,2,3,DA,Fall,PRE
143,46,2,2,3,2,DA,Fall,PRE
144,25,4,4,4,4,DA,Fall,PRE
144,32,5,4,4,4,DA,Fall,PRE
144,36,5,4,3,4,DA,Fall,PRE
144,49,5,4,4,4,DA,Fall,PRE
144,61,4,4,4,4,DA,Fall,PRE
144,27,2,1,2,2,DA,Fall,PRE
144,31,2,1,2,2,DA,Fall,PRE
144,37,2,2,2,2,DA,Fall,PRE
145,21,3,3,3,3,DA,Fall,PRE
145,23,4,4,3,4,DA,Fall,PRE
145,24,3,5,4,5,DA,Fall,PRE
145,26,4,4,3,3,DA,Fall,PRE
145,27,4,4,4,3,DA,Fall,PRE
145,31,1,1,1,2,DA,Fall,PRE
145,52,1,1,2,1,DA,Fall,PRE
145,53,1,1,2,1,DA,Fall,PRE
145,67,1,1,2,2,DA,Fall,PRE
146,26,5,5,5,5,DA,Fall,PRE
146,28,4,4,4,4,DA,Fall,PRE
146,35,4,4,4,4,DA,Fall,PRE
146,36,4,4,4,4,DA,Fall,PRE
146,49,4,4,4,4,DA,Fall,PRE
146,22,1,1,1,1,DA,Fall,PRE
146,23,2,2,2,2,DA,Fall,PRE
146,51,2,2,2,2,DA,Fall,PRE
147,25,4,4,4,4,DA,Fall,PRE
147,35,4,4,4,5,DA,Fall,PRE
147,49,4,4,4,4,DA,Fall,PRE
147,65,4,4,4,5,DA,Fall,PRE
147,69,4,4,4,4,DA,Fall,PRE
147,22,3,2,3,2,DA,Fall,PRE
147,24,2,2,2,1,DA,Fall,PRE
147,53,3,2,3,2,DA,Fall,PRE
148,21,5,5,4,4,DA,Fall,PRE
148,26,4,4,4,4,DA,Fall,PRE
148,30,4,4,4,5,DA,Fall,PRE
148,31,5,5,5,4,DA,Fall,PRE
148,49,4,5,5,4,DA,Fall,PRE
148,69,5,5,5,5,DA,Fall,PRE
148,41,2,2,1,1,DA,Fall,PRE
148,44,1,1,1,1,DA,Fall,PRE
148,57,2,3,2,2,DA,Fall,PRE
149,21,4,5,5,3,DA,Fall,PRE
149,30,5,4,4,4,DA,Fall,PRE
149,33,5,5,5,4,DA,Fall,PRE
149,49,4,4,5,3,DA,Fall,PRE
149,54,5,5,5,4,DA,Fall,PRE
149,23,2,1,1,3,DA,Fall,PRE
149,27,2,2,2,2,DA,Fall,PRE
149,28,1,1,1,1,DA,Fall,PRE
150,21,5,4,4,4,DA,Fall,PRE
150,25,5,5,4,4,DA,Fall,PRE
150,30,5,5,5,4,DA,Fall,PRE
150,31,5,5,5,4,DA,Fall,PRE
150,33,5,4,4,4,DA,Fall,PRE
150,23,2,2,2,2,DA,Fall,PRE
150,27,2,1,2,1,DA,Fall,PRE
150,52,2,2,2,3,DA,Fall,PRE
151,21,5,5,5,4,DA,Fall,PRE
151,23,5,5,4,4,DA,Fall,PRE
151,25,5,5,4,4,DA,Fall,PRE
151,32,5,5,5,5,DA,Fall,PRE
151,45,5,4,4,4,DA,Fall,PRE
151,49,5,5,5,5,DA,Fall,PRE
151,30,3,3,3,3,DA,Fall,PRE
151,36,1,2,2,3,DA,Fall,PRE
151,44,2,3,3,2,DA,Fall,PRE
151,52,2,1,2,3,DA,Fall,PRE
152,25,3,4,4,3,DA,Fall,PRE
152,30,5,4,3,3,DA,Fall,PRE
152,36,5,3,4,4,DA,Fall,PRE
152,61,4,3,4,4,DA,Fall,PRE
152,69,5,5,5,4,DA,Fall,PRE
152,22,2,1,2,2,DA,Fall,PRE
152,27,2,1,1,2,DA,Fall,PRE
152,46,1,2,2,2,DA,Fall,PRE
153,33,4,4,4,4,DA,Fall,PRE
153,41,4,4,3,3,DA,Fall,PRE
153,58,4,3,5,5,DA,Fall,PRE
153,61,4,3,5,5,DA,Fall,PRE
153,70,4,5,4,4,DA,Fall,PRE
153,23,1,2,2,2,DA,Fall,PRE
153,25,3,2,3,3,DA,Fall,PRE
153,36,2,2,1,1,DA,Fall,PRE
154,21,4,4,4,4,DA,Fall,PRE
154,30,5,5,4,5,DA,Fall,PRE
154,36,5,5,5,5,DA,Fall,PRE
154,47,5,5,4,5,DA,Fall,PRE
154,49,5,5,5,5,DA,Fall,PRE
154,25,3,3,3,1,DA,Fall,PRE
154,26,2,3,2,2,DA,Fall,PRE
154,28,3,2,3,1,DA,Fall,PRE
155,21,5,5,5,5,DA,Fall,PRE
155,26,4,4,5,5,DA,Fall,PRE
155,34,4,4,4,5,DA,Fall,PRE
155,45,5,5,5,5,DA,Fall,PRE
155,50,5,4,5,5,DA,Fall,PRE
155,65,5,5,5,5,DA,Fall,PRE
155,36,2,2,3,3,DA,Fall,PRE
155,60,2,2,3,3,DA,Fall,PRE
155,64,2,2,2,3,DA,Fall,PRE
156,25,5,5,5,5,DA,Fall,PRE
156,30,3,3,3,4,DA,Fall,PRE
156,32,4,4,4,4,DA,Fall,PRE
156,41,3,4,3,4,DA,Fall,PRE
156,62,4,4,4,4,DA,Fall,PRE
156,37,2,1,2,1,DA,Fall,PRE
156,38,2,2,1,1,DA,Fall,PRE
156,44,2,2,1,1,DA,Fall,PRE
157,21,4,4,4,4,DM,Spring,PRE
157,40,5,4,4,3,DM,Spring,PRE
157,63,5,5,3,3,DM,Spring,PRE
157,23,1,2,3,3,DM,Spring,PRE
157,24,1,1,2,2,DM,Spring,PRE
157,25,2,3,3,2,DM,Spring,PRE
158,25,5,5,5,5,DM,Spring,PRE
158,26,4,4,3,3,DM,Spring,PRE
158,59,3,2,4,3,DM,Spring,PRE
158,23,2,2,5,3,DM,Spring,PRE
158,24,2,3,3,4,DM,Spring,PRE
158,30,3,5,3,3,DM,Spring,PRE
159,21,4,3,3,4,DM,Spring,PRE
159,22,4,3,3,3,DM,Spring,PRE
159,25,4,4,3,4,DM,Spring,PRE
159,28,4,3,3,3,DM,Spring,PRE
159,33,4,3,3,3,DM,Spring,PRE
159,34,4,3,3,4,DM,Spring,PRE
159,56,2,2,3,3,DM,Spring,PRE
159,64,2,3,2,3,DM,Spring,PRE
159,68,1,2,5,3,DM,Spring,PRE
160,21,5,5,5,4,DM,Spring,PRE
160,32,5,4,5,5,DM,Spring,PRE
160,49,5,5,5,5,DM,Spring,PRE
160,29,2,3,4,5,DM,Spring,PRE
160,36,2,3,4,5,DM,Spring,PRE
160,64,2,3,4,5,DM,Spring,PRE
161,21,5,3,3,5,DM,Spring,PRE
161,22,5,4,4,4,DM,Spring,PRE
161,23,5,4,4,5,DM,Spring,PRE
161,28,3,4,4,5,DM,Spring,PRE
161,29,2,5,3,5,DM,Spring,PRE
161,30,2,4,4,4,DM,Spring,PRE
162,25,4,5,4,4,DM,Spring,PRE
162,49,5,5,5,4,DM,Spring,PRE
162,70,4,4,4,3,DM,Spring,PRE
162,23,1,1,4,2,DM,Spring,PRE
162,24,2,1,2,2,DM,Spring,PRE
162,37,1,1,3,1,DM,Spring,PRE
163,25,4,3,5,5,DM,Spring,PRE
163,31,5,4,4,4,DM,Spring,PRE
163,33,5,5,5,4,DM,Spring,PRE
163,44,1,2,1,3,DM,Spring,PRE
163,48,2,4,2,4,DM,Spring,PRE
163,61,2,4,3,4,DM,Spring,PRE
164,49,4,3,4,3,DM,Spring,PRE
164,58,5,5,4,3,DM,Spring,PRE
164,61,5,5,4,3,DM,Spring,PRE
164,21,2,3,3,3,DM,Spring,PRE
164,26,1,2,2,3,DM,Spring,PRE
164,28,2,3,2,3,DM,Spring,PRE
164,56,2,4,5,3,DM,Spring,PRE
165,24,3,2,3,1,DM,Spring,PRE
165,25,4,3,4,5,DM,Spring,PRE
165,38,5,2,5,4,DM,Spring,PRE
165,22,1,3,3,2,DM,Spring,PRE
165,26,3,3,4,4,DM,Spring,PRE
165,54,3,3,3,4,DM,Spring,PRE
166,30,5,5,4,4,DA,Spring,PRE
166,40,4,4,4,4,DA,Spring,PRE
166,41,4,4,3,3,DA,Spring,PRE
166,49,5,5,5,4,DA,Spring,PRE
166,59,5,5,5,3,DA,Spring,PRE
166,24,2,3,3,4,DA,Spring,PRE
166,34,2,3,3,4,DA,Spring,PRE
166,64,1,2,3,4,DA,Spring,PRE
167,21,4,4,4,4,DA,Spring,PRE
167,25,4,4,4,4,DA,Spring,PRE
167,30,5,4,4,4,DA,Spring,PRE
167,23,2,2,2,3,DA,Spring,PRE
167,28,2,3,3,3,DA,Spring,PRE
167,40,2,2,2,3,DA,Spring,PRE
168,21,5,4,4,3,DA,Spring,PRE
168,25,4,3,4,4,DA,Spring,PRE
168,45,5,4,4,3,DA,Spring,PRE
168,24,1,2,3,4,DA,Spring,PRE
168,36,1,2,2,4,DA,Spring,PRE
168,44,2,2,2,4,DA,Spring,PRE
169,21,5,4,3,4,DA,Spring,PRE
169,34,5,4,4,4,DA,Spring,PRE
169,45,5,5,4,3,DA,Spring,PRE
169,70,5,5,4,4,DA,Spring,PRE
169,49,2,3,4,2,DA,Spring,PRE
169,52,3,3,4,2,DA,Spring,PRE
169,63,2,3,4,4,DA,Spring,PRE
170,26,5,5,4,3,DA,Spring,PRE
170,30,5,5,4,3,DA,Spring,PRE
170,45,5,5,4,3,DA,Spring,PRE
170,22,1,2,3,2,DA,Spring,PRE
170,34,1,2,3,2,DA,Spring,PRE
170,44,1,2,3,2,DA,Spring,PRE
171,21,4,4,4,4,DA,Spring,PRE
171,28,4,4,4,4,DA,Spring,PRE
171,30,5,5,5,4,DA,Spring,PRE
171,22,2,2,3,4,DA,Spring,PRE
171,23,2,3,2,4,DA,Spring,PRE
171,24,2,3,3,4,DA,Spring,PRE
172,25,4,3,3,3,DA,Spring,PRE
172,41,4,2,3,3,DA,Spring,PRE
172,46,5,3,3,3,DA,Spring,PRE
172,23,1,1,1,1,DA,Spring,PRE
172,40,1,1,1,1,DA,Spring,PRE
172,42,1,1,1,1,DA,Spring,PRE
172,43,1,1,1,1,DA,Spring,PRE
173,21,5,5,3,2,DA,Spring,PRE
173,28,4,2,1,3,DA,Spring,PRE
173,55,4,5,3,2,DA,Spring,PRE
173,57,4,4,2,2,DA,Spring,PRE
173,69,5,4,4,2,DA,Spring,PRE
173,31,3,1,2,2,DA,Spring,PRE
173,33,1,2,1,1,DA,Spring,PRE
173,66,3,1,1,1,DA,Spring,PRE
174,36,4,4,4,4,DA,Spring,PRE
174,57,5,5,4,4,DA,Spring,PRE
174,63,4,4,4,4,DA,Spring,PRE
174,26,2,1,2,2,DA,Spring,PRE
174,50,2,1,2,2,DA,Spring,PRE
174,64,1,2,2,2,DA,Spring,PRE
175,22,5,4,4,5,DA,Spring,PRE
175,46,5,3,3,3,DA,Spring,PRE
175,56,5,4,4,4,DA,Spring,PRE
175,23,2,3,3,3,DA,Spring,PRE
175,28,3,4,3,3,DA,Spring,PRE
175,34,3,3,3,3,DA,Spring,PRE
176,33,4,4,4,3,DA,Spring,PRE
176,58,5,4,4,3,DA,Spring,PRE
176,61,4,5,5,4,DA,Spring,PRE
176,21,2,2,2,2,DA,Spring,PRE
176,27,1,3,3,3,DA,Spring,PRE
176,30,2,1,3,3,DA,Spring,PRE
177,21,4,4,3,3,DA,Spring,PRE
177,40,5,5,5,5,DA,Spring,PRE
177,49,4,3,4,4,DA,Spring,PRE
177,70,4,4,3,3,DA,Spring,PRE
177,27,1,3,2,2,DA,Spring,PRE
177,57,2,2,3,3,DA,Spring,PRE
177,63,1,3,3,2,DA,Spring,PRE
178,30,4,4,4,3,DA,Spring,PRE
178,51,3,3,3,3,DA,Spring,PRE
178,62,5,4,4,4,DA,Spring,PRE
178,23,2,3,3,4,DA,Spring,PRE
178,34,3,3,4,3,DA,Spring,PRE
178,52,2,3,4,4,DA,Spring,PRE
179,21,5,5,5,4,DA,Spring,PRE
179,36,4,4,4,4,DA,Spring,PRE
179,41,4,4,4,3,DA,Spring,PRE
179,24,2,2,2,3,DA,Spring,PRE
179,28,2,3,3,2,DA,Spring,PRE
179,52,1,2,2,3,DA,Spring,PRE
180,21,4,4,3,3,DA,Spring,PRE
180,23,4,4,4,3,DA,Spring,PRE
180,40,5,4,3,3,DA,Spring,PRE
180,29,2,2,2,3,DA,Spring,PRE
180,38,3,3,2,3,DA,Spring,PRE
180,39,3,3,3,2,DA,Spring,PRE
180,55,2,2,2,2,DA,Spring,PRE
181,21,5,4,4,5,DA,Spring,PRE
181,22,5,4,5,4,DA,Spring,PRE
181,56,5,5,5,4,DA,Spring,PRE
181,35,3,4,4,4,DA,Spring,PRE
181,39,3,5,4,5,DA,Spring,PRE
181,43,3,5,4,4,DA,Spring,PRE
182,21,5,5,4,5,DA,Fall,PRE
182,34,5,5,4,5,DA,Fall,PRE
182,37,5,5,4,5,DA,Fall,PRE
182,69,5,5,4,5,DA,Fall,PRE
182,70,5,5,4,5,DA,Fall,PRE
182,24,1,1,1,2,DA,Fall,PRE
182,26,3,2,2,2,DA,Fall,PRE
182,28,3,3,2,2,DA,Fall,PRE
182,30,3,3,2,2,DA,Fall,PRE
183,25,5,4,2,5,DA,Fall,PRE
183,26,4,4,3,4,DA,Fall,PRE
183,40,5,4,5,4,DA,Fall,PRE
183,49,5,3,2,4,DA,Fall,PRE
183,50,5,4,3,4,DA,Fall,PRE
183,61,5,3,5,5,DA,Fall,PRE
183,69,5,5,1,5,DA,Fall,PRE
183,21,2,4,3,3,DA,Fall,PRE
183,22,2,3,3,3,DA,Fall,PRE
183,23,2,3,3,3,DA,Fall,PRE
183,66,2,3,3,3,DA,Fall,PRE
184,21,5,5,5,5,DA,Fall,PRE
184,24,5,5,5,5,DA,Fall,PRE
184,26,5,5,5,5,DA,Fall,PRE
184,35,1,2,4,4,DA,Fall,PRE
184,37,1,2,4,4,DA,Fall,PRE
184,40,1,3,4,3,DA,Fall,PRE
185,21,5,4,2,3,DA,Fall,PRE
185,25,5,4,3,4,DA,Fall,PRE
185,41,4,4,2,5,DA,Fall,PRE
185,29,3,2,3,5,DA,Fall,PRE
185,30,2,2,3,5,DA,Fall,PRE
185,40,2,2,3,5,DA,Fall,PRE
186,21,3,4,4,4,DA,Fall,PRE
186,25,4,4,3,4,DA,Fall,PRE
186,29,4,4,3,3,DA,Fall,PRE
186,35,3,5,4,4,DA,Fall,PRE
186,41,4,4,4,4,DA,Fall,PRE
186,60,5,5,5,5,DA,Fall,PRE
186,62,4,4,4,4,DA,Fall,PRE
186,22,2,4,4,4,DA,Fall,PRE
186,36,2,3,5,5,DA,Fall,PRE
186,63,2,3,4,4,DA,Fall,PRE
186,68,3,3,4,4,DA,Fall,PRE
187,38,4,4,4,4,DA,Fall,PRE
187,58,5,4,5,4,DA,Fall,PRE
187,61,5,4,4,4,DA,Fall,PRE
187,25,2,3,3,3,DA,Fall,PRE
187,28,2,4,3,4,DA,Fall,PRE
187,31,2,4,3,3,DA,Fall,PRE
188,21,5,4,5,5,DA,Fall,PRE
188,59,5,5,3,4,DA,Fall,PRE
188,62,5,3,5,5,DA,Fall,PRE
188,24,1,2,2,3,DA,Fall,PRE
188,26,1,2,1,2,DA,Fall,PRE
188,28,1,1,2,1,DA,Fall,PRE
189,23,5,5,4,4,DA,Fall,PRE
189,25,5,4,5,4,DA,Fall,PRE
189,29,4,5,5,5,DA,Fall,PRE
189,32,2,3,4,5,DA,Fall,PRE
189,39,3,5,4,4,DA,Fall,PRE
189,40,2,4,5,5,DA,Fall,PRE
190,33,5,4,4,4,DA,Fall,PRE
190,65,4,4,4,4,DA,Fall,PRE
190,66,5,4,5,3,DA,Fall,PRE
190,24,2,2,2,2,DA,Fall,PRE
190,44,1,2,2,3,DA,Fall,PRE
190,51,2,3,3,2,DA,Fall,PRE
191,47,5,5,3,4,DA,Fall,PRE
191,51,4,5,4,5,DA,Fall,PRE
191,63,5,5,3,3,DA,Fall,PRE
191,21,2,2,5,5,DA,Fall,PRE
191,22,2,3,4,4,DA,Fall,PRE
191,69,1,4,5,5,DA,Fall,PRE
192,21,4,4,4,3,DA,Fall,PRE
192,25,4,4,4,3,DA,Fall,PRE
192,30,4,4,4,4,DA,Fall,PRE
192,36,2,2,4,4,DA,Fall,PRE
192,52,2,2,4,4,DA,Fall,PRE
192,66,2,2,4,4,DA,Fall,PRE
193,42,5,4,4,5,DA,Fall,PRE
193,45,4,5,5,4,DA,Fall,PRE
193,49,5,5,5,5,DA,Fall,PRE
193,38,2,4,3,4,DA,Fall,PRE
193,57,3,4,4,3,DA,Fall,PRE
193,68,3,4,3,4,DA,Fall,PRE
194,21,5,2,4,3,DA,Fall,PRE
194,25,5,2,4,3,DA,Fall,PRE
194,26,5,2,4,3,DA,Fall,PRE
194,49,5,2,4,3,DA,Fall,PRE
194,27,2,3,3,3,DA,Fall,PRE
194,29,2,3,3,3,DA,Fall,PRE
194,39,2,3,3,3,DA,Fall,PRE
195,39,5,4,4,3,DA,Fall,PRE
195,65,4,4,4,3,DA,Fall,PRE
195,66,5,5,5,3,DA,Fall,PRE
195,24,2,2,4,3,DA,Fall,PRE
195,25,2,3,3,1,DA,Fall,PRE
195,26,2,2,4,2,DA,Fall,PRE
196,33,4,4,3,3,DA,Fall,PRE
196,36,5,4,4,4,DA,Fall,PRE
196,60,5,5,4,4,DA,Fall,PRE
196,61,5,4,3,4,DA,Fall,PRE
196,64,3,3,5,2,DA,Fall,PRE
196,68,3,3,5,3,DA,Fall,PRE
196,70,3,3,5,3,DA,Fall,PRE
197,25,4,4,5,4,DA,Fall,PRE
197,43,5,5,3,3,DA,Fall,PRE
197,61,5,5,3,3,DA,Fall,PRE
197,22,1,1,2,4,DA,Fall,PRE
197,44,2,1,3,3,DA,Fall,PRE
197,57,1,1,2,2,DA,Fall,PRE
198,30,5,5,4,4,DM,Fall,PRE
198,47,4,3,3,3,DM,Fall,PRE
198,67,5,5,4,4,DM,Fall,PRE
198,37,1,3,3,4,DM,Fall,PRE
198,38,1,2,2,3,DM,Fall,PRE
198,39,1,1,1,3,DM,Fall,PRE
198,40,1,1,2,4,DM,Fall,PRE
198,43,1,3,3,3,DM,Fall,PRE
198,45,2,2,2,3,DM,Fall,PRE
198,55,1,1,1,4,DM,Fall,PRE
199,25,5,4,5,4,DM,Fall,PRE
199,31,5,5,4,5,DM,Fall,PRE
199,32,5,4,4,4,DM,Fall,PRE
199,34,3,5,3,5,DM,Fall,PRE
199,43,3,4,4,4,DM,Fall,PRE
199,48,3,4,4,4,DM,Fall,PRE
200,21,4,3,4,4,DM,Fall,PRE
200,23,4,3,4,4,DM,Fall,PRE
200,25,4,3,3,4,DM,Fall,PRE
200,29,2,4,4,4,DM,Fall,PRE
200,35,2,4,5,5,DM,Fall,PRE
200,40,2,4,4,4,DM,Fall,PRE
201,21,5,5,5,5,DM,Fall,PRE
201,49,5,5,5,5,DM,Fall,PRE
201,69,5,5,5,5,DM,Fall,PRE
201,24,2,3,4,5,DM,Fall,PRE
201,36,2,3,4,5,DM,Fall,PRE
201,45,2,3,4,5,DM,Fall,PRE
202,30,5,4,4,4,DM,Fall,PRE
202,59,4,3,4,4,DM,Fall,PRE
202,62,5,3,4,4,DM,Fall,PRE
202,37,2,2,3,3,DM,Fall,PRE
202,40,2,2,3,3,DM,Fall,PRE
202,64,1,2,3,3,DM,Fall,PRE
203,30,5,5,5,4,DM,Fall,PRE
203,37,4,4,3,5,DM,Fall,PRE
203,49,4,4,4,3,DM,Fall,PRE
203,58,5,3,3,5,DM,Fall,PRE
203,42,2,3,3,3,DM,Fall,PRE
203,47,2,3,3,4,DM,Fall,PRE
203,51,2,3,3,3,DM,Fall,PRE
204,30,4,4,4,4,DM,Fall,PRE
204,51,4,5,3,4,DM,Fall,PRE
204,58,5,5,4,4,DM,Fall,PRE
204,23,2,2,3,3,DM,Fall,PRE
204,37,2,2,2,3,DM,Fall,PRE
204,40,2,2,4,3,DM,Fall,PRE
205,21,5,2,3,3,DM,Fall,PRE
205,24,4,3,4,2,DM,Fall,PRE
205,25,4,3,2,2,DM,Fall,PRE
205,34,1,2,3,3,DM,Fall,PRE
205,35,2,3,2,2,DM,Fall,PRE
205,37,2,3,3,2,DM,Fall,PRE
206,31,5,4,4,4,DA,Fall,PRE
206,65,4,4,4,4,DA,Fall,PRE
206,69,4,4,4,4,DA,Fall,PRE
206,22,2,3,2,3,DA,Fall,PRE
206,23,2,2,2,3,DA,Fall,PRE
206,29,2,2,2,3,DA,Fall,PRE
207,21,5,4,4,4,DA,Fall,PRE
207,25,5,4,4,4,DA,Fall,PRE
207,33,5,4,4,4,DA,Fall,PRE
207,37,2,3,3,3,DA,Fall,PRE
207,38,2,3,3,3,DA,Fall,PRE
207,40,2,3,3,3,DA,Fall,PRE
208,38,5,5,5,2,DA,Fall,PRE
208,57,4,4,4,3,DA,Fall,PRE
208,62,3,3,3,3,DA,Fall,PRE
208,33,3,4,4,4,DA,Fall,PRE
208,34,2,3,3,3,DA,Fall,PRE
208,41,2,3,3,3,DA,Fall,PRE
209,49,5,4,4,3,DA,Fall,PRE
209,55,4,5,5,4,DA,Fall,PRE
209,64,5,4,4,4,DA,Fall,PRE
209,28,2,4,4,4,DA,Fall,PRE
209,29,2,4,4,4,DA,Fall,PRE
209,41,3,3,3,4,DA,Fall,PRE
209,54,2,5,4,3,DA,Fall,PRE
210,25,4,4,5,3,DA,Fall,PRE
210,31,5,5,5,4,DA,Fall,PRE
210,41,4,4,4,4,DA,Fall,PRE
210,37,1,2,1,2,DA,Fall,PRE
210,43,2,1,1,2,DA,Fall,PRE
210,51,1,2,1,2,DA,Fall,PRE
211,44,4,4,3,3,DA,Fall,PRE
211,46,4,4,4,4,DA,Fall,PRE
211,47,5,5,3,4,DA,Fall,PRE
211,50,4,4,4,3,DA,Fall,PRE
211,26,2,3,2,3,DA,Fall,PRE
211,32,3,2,3,4,DA,Fall,PRE
211,49,2,3,3,3,DA,Fall,PRE
212,21,5,4,4,4,DA,Fall,PRE
212,30,4,4,4,4,DA,Fall,PRE
212,47,4,4,4,4,DA,Fall,PRE
212,49,5,5,5,5,DA,Fall,PRE
212,53,4,3,4,4,DA,Fall,PRE
212,54,5,5,5,5,DA,Fall,PRE
212,24,2,3,3,3,DA,Fall,PRE
212,36,1,2,2,3,DA,Fall,PRE
212,48,1,4,2,3,DA,Fall,PRE
213,21,5,5,5,5,DM,Fall,PRE
213,41,5,3,3,5,DM,Fall,PRE
213,57,5,4,4,3,DM,Fall,PRE
213,23,1,1,5,5,DM,Fall,PRE
213,30,1,2,3,3,DM,Fall,PRE
213,61,3,3,4,4,DM,Fall,PRE
214,21,4,5,4,3,DM,Fall,PRE
214,30,5,5,5,5,DM,Fall,PRE
214,57,4,5,4,4,DM,Fall,PRE
214,24,1,3,2,2,DM,Fall,PRE
214,64,3,4,2,2,DM,Fall,PRE
214,31,4,4,4,4,DM,Fall,PRE
214,49,4,4,4,4,DM,Fall,PRE
214,62,4,4,4,4,DM,Fall,PRE
214,34,2,3,3,3,DM,Fall,PRE
214,52,2,3,3,3,DM,Fall,PRE
214,23,4,4,4,4,DM,Fall,PRE
214,25,5,4,4,4,DM,Fall,PRE
214,28,4,4,2,4,DM,Fall,PRE
214,38,2,3,2,3,DM,Fall,PRE
214,47,2,3,3,3,DM,Fall,PRE
214,48,2,3,3,3,DM,Fall,PRE
215,25,5,4,4,4,DM,Fall,PRE
215,33,4,5,4,5,DM,Fall,PRE
215,49,5,4,4,4,DM,Fall,PRE
215,27,2,4,4,4,DM,Fall,PRE
215,45,2,5,5,3,DM,Fall,PRE
215,55,2,4,4,4,DM,Fall,PRE
216,25,4,5,4,4,DM,Fall,PRE
216,49,4,5,3,4,DM,Fall,PRE
216,69,4,5,5,3,DM,Fall,PRE
216,27,2,1,3,4,DM,Fall,PRE
216,28,2,2,3,3,DM,Fall,PRE
216,35,1,2,3,3,DM,Fall,PRE
217,25,4,4,3,4,DM,Fall,PRE
217,44,4,3,4,4,DM,Fall,PRE
217,55,4,4,4,4,DM,Fall,PRE
217,37,2,4,3,4,DM,Fall,PRE
217,40,3,3,4,3,DM,Fall,PRE
217,41,3,3,4,4,DM,Fall,PRE
218,21,3,1,1,1,DA,Fall,PRE
218,54,5,5,5,5,DA,Fall,PRE
218,69,4,3,4,5,DA,Fall,PRE
218,31,2,3,3,2,DA,Fall,PRE
218,36,1,2,2,1,DA,Fall,PRE
218,44,1,3,3,2,DA,Fall,PRE
219,28,4,5,4,4,DA,Fall,PRE
219,38,5,5,4,3,DA,Fall,PRE
219,57,5,5,4,3,DA,Fall,PRE
219,36,2,3,3,3,DA,Fall,PRE
219,62,2,3,3,3,DA,Fall,PRE
219,68,2,3,3,3,DA,Fall,PRE
220,25,5,5,3,4,DA,Fall,PRE
220,30,5,5,4,3,DA,Fall,PRE
220,35,4,4,5,4,DA,Fall,PRE
220,36,5,5,5,4,DA,Fall,PRE
220,38,5,5,2,3,DA,Fall,PRE
220,40,4,5,5,4,DA,Fall,PRE
220,49,5,5,4,3,DA,Fall,PRE
220,51,4,5,3,3,DA,Fall,PRE
220,63,4,4,3,3,DA,Fall,PRE
220,67,4,5,5,4,DA,Fall,PRE
220,21,2,4,5,5,DA,Fall,PRE
220,29,1,1,5,5,DA,Fall,PRE
220,58,2,2,5,5,DA,Fall,PRE
220,69,2,3,5,5,DA,Fall,PRE
221,21,5,4,2,3,DA,Fall,PRE
221,30,4,4,4,4,DA,Fall,PRE
221,33,4,4,3,3,DA,Fall,PRE
221,40,5,4,4,4,DA,Fall,PRE
221,49,5,4,4,3,DA,Fall,PRE
221,63,4,5,4,3,DA,Fall,PRE
221,69,4,3,4,3,DA,Fall,PRE
221,25,2,3,3,3,DA,Fall,PRE
221,28,2,3,4,3,DA,Fall,PRE
221,42,2,3,3,3,DA,Fall,PRE
222,24,5,3,4,2,DA,Fall,PRE
222,33,5,4,5,5,DA,Fall,PRE
222,39,5,5,4,5,DA,Fall,PRE
222,35,3,5,5,3,DA,Fall,PRE
222,44,3,3,5,5,DA,Fall,PRE
222,54,2,4,4,4,DA,Fall,PRE
222,59,3,5,5,4,DA,Fall,PRE
222,64,3,4,5,5,DA,Fall,PRE
223,21,5,4,3,3,DA,Fall,PRE
223,25,4,3,4,3,DA,Fall,PRE
223,33,5,4,3,4,DA,Fall,PRE
223,46,5,5,2,3,DA,Fall,PRE
223,70,4,4,3,4,DA,Fall,PRE
223,22,3,2,2,2,DA,Fall,PRE
223,24,3,2,3,2,DA,Fall,PRE
223,53,2,3,2,3,DA,Fall,PRE
223,56,2,3,4,3,DA,Fall,PRE
224,21,5,5,5,5,DA,Fall,PRE
224,22,5,5,5,5,DA,Fall,PRE
224,23,5,5,5,5,DA,Fall,PRE
224,35,2,3,3,3,DA,Fall,PRE
224,36,2,3,3,3,DA,Fall,PRE
224,37,2,3,3,3,DA,Fall,PRE
225,25,4,3,3,3,DA,Fall,PRE
225,28,4,3,3,3,DA,Fall,PRE
225,40,4,3,3,3,DA,Fall,PRE
225,52,2,3,3,3,DA,Fall,PRE
225,62,2,3,3,3,DA,Fall,PRE
225,68,2,3,3,3,DA,Fall,PRE
226,25,5,5,5,3,DA,Fall,PRE
226,26,5,4,5,3,DA,Fall,PRE
226,30,4,4,4,3,DA,Fall,PRE
226,49,1,1,2,2,DA,Fall,PRE
226,59,2,2,2,1,DA,Fall,PRE
226,70,2,1,2,2,DA,Fall,PRE
227,38,4,3,5,5,DA,Fall,PRE
227,42,4,4,4,4,DA,Fall,PRE
227,55,2,1,3,2,DA,Fall,PRE
227,59,1,1,4,4,DA,Fall,PRE
227,68,1,1,3,3,DA,Fall,PRE
227,21,5,4,4,4,DA,Fall,PRE
227,25,4,4,4,5,DA,Fall,PRE
227,41,5,5,5,4,DA,Fall,PRE
227,33,2,2,2,3,DA,Fall,PRE
227,36,1,3,3,2,DA,Fall,PRE
227,60,2,2,2,2,DA,Fall,PRE
228,21,5,4,4,5,DA,Fall,PRE
228,40,4,5,4,4,DA,Fall,PRE
228,56,5,5,4,4,DA,Fall,PRE
228,30,2,3,3,4,DA,Fall,PRE
228,41,2,2,3,4,DA,Fall,PRE
228,45,2,3,2,4,DA,Fall,PRE
229,26,4,4,1,1,DA,Fall,PRE
229,28,5,5,5,4,DA,Fall,PRE
229,60,5,4,5,4,DA,Fall,PRE
229,22,2,3,3,3,DA,Fall,PRE
229,27,2,3,2,2,DA,Fall,PRE
229,40,3,4,2,2,DA,Fall,PRE
230,30,5,4,4,4,DA,Fall,PRE
230,41,4,4,5,3,DA,Fall,PRE
230,51,4,4,3,4,DA,Fall,PRE
230,22,2,3,3,3,DA,Fall,PRE
230,27,2,2,2,3,DA,Fall,PRE
230,37,1,3,3,3,DA,Fall,PRE
231,25,5,5,3,3,DA,Spring,DUR
231,32,5,4,4,3,DA,Spring,DUR
231,49,5,4,5,3,DA,Spring,DUR
231,22,1,2,3,3,DA,Spring,DUR
231,28,2,3,3,3,DA,Spring,DUR
231,48,2,3,3,3,DA,Spring,DUR
232,21,5,5,5,3,DM,Fall,POS
232,35,5,5,5,3,DM,Fall,POS
232,49,3,3,3,4,DM,Fall,POS
232,65,4,4,4,3,DM,Fall,POS
232,30,2,3,4,5,DM,Fall,POS
232,61,1,2,3,4,DM,Fall,POS
232,64,1,2,3,4,DM,Fall,POS
233,1,4,4,4,4,DB,Fall,POS
233,5,4,4,4,4,DB,Fall,POS
233,6,4,4,4,4,DB,Fall,POS
233,2,2,2,2,3,DB,Fall,POS
233,13,2,2,2,3,DB,Fall,POS
234,1,4,4,4,4,DB,Fall,POS
234,12,5,5,5,3,DB,Fall,POS
234,14,4,3,4,4,DB,Fall,POS
234,7,2,3,2,3,DB,Fall,POS
234,10,2,4,4,4,DB,Fall,POS
234,11,2,3,3,3,DB,Fall,POS
235,4,5,4,4,4,DB,Fall,POS
235,6,5,4,5,4,DB,Fall,POS
235,7,4,4,4,4,DB,Fall,POS
235,9,4,4,3,3,DB,Fall,POS
235,10,5,4,4,4,DB,Fall,POS
235,11,4,4,5,4,DB,Fall,POS
235,15,5,3,5,3,DB,Fall,POS
235,18,4,4,3,4,DB,Fall,POS
235,3,3,5,5,3,DB,Fall,POS
235,5,2,5,5,4,DB,Fall,POS
235,8,3,5,5,4,DB,Fall,POS
236,5,5,5,5,3,DB,Fall,POS
236,9,4,4,4,3,DB,Fall,POS
236,18,4,4,4,3,DB,Fall,POS
236,1,1,3,2,5,DB,Fall,POS
236,13,2,3,3,3,DB,Fall,POS
236,19,2,3,3,3,DB,Fall,POS
237,12,5,4,4,4,DB,Fall,POS
237,15,5,5,3,3,DB,Fall,POS
237,18,5,4,4,3,DB,Fall,POS
237,2,2,3,4,3,DB,Fall,POS
237,8,2,4,4,3,DB,Fall,POS
237,17,1,3,3,4,DB,Fall,POS
238,4,5,4,4,3,DB,Fall,POS
238,11,4,3,3,3,DB,Fall,POS
238,14,4,3,3,3,DB,Fall,POS
238,3,2,3,3,3,DB,Fall,POS
238,15,2,3,3,3,DB,Fall,POS
238,17,2,3,3,3,DB,Fall,POS
239,1,4,4,4,5,DB,Fall,POS
239,5,4,4,4,5,DB,Fall,POS
239,8,5,5,5,5,DB,Fall,POS
239,3,2,3,3,3,DB,Fall,POS
239,13,3,4,4,4,DB,Fall,POS
239,20,2,3,3,3,DB,Fall,POS
240,1,4,4,3,3,DB,Fall,POS
240,8,4,4,3,4,DB,Fall,POS
240,11,4,4,3,3,DB,Fall,POS
240,5,2,3,3,4,DB,Fall,POS
240,6,2,3,3,3,DB,Fall,POS
240,7,3,3,3,3,DB,Fall,POS
241,5,4,4,4,5,DB,Fall,POS
241,9,4,4,4,4,DB,Fall,POS
241,14,5,5,4,5,DB,Fall,POS
241,1,1,3,1,1,DB,Fall,POS
241,3,1,2,1,2,DB,Fall,POS
241,10,1,2,1,1,DB,Fall,POS
242,8,4,3,4,3,DB,Fall,POS
242,9,5,3,4,3,DB,Fall,POS
242,12,5,3,4,3,DB,Fall,POS
242,6,1,1,2,2,DB,Fall,POS
242,16,1,1,2,2,DB,Fall,POS
242,19,1,1,2,2,DB,Fall,POS